,symboling,normalized-losses,make,num-of-doors,body-style,drive-wheels,engine-location,wheel-base,length,width,height,curb-weight,engine-type,num-of-cylinders,engine-size,fuel-system,bore,stroke,compression-ratio,horsepower,peak-rpm,city-mpg,highway-L/100km,price,city-L/100km,fuel-type-diesel,fuel-type-gas,horsepower-binned,aspiration-std,aspiration-turbo
0,3,122,alfa-romero,two,convertible,rwd,front,88.6,168.8,64.1,0.23450264296011533,2548,dohc,four,130,mpfi,3.47,2.68,9.0,111,5000.0,21,8.703703703703704,13495.0,11.19047619047619,0,1,Low,1,0
1,3,122,alfa-romero,two,convertible,rwd,front,88.6,168.8,64.1,0.23450264296011533,2548,dohc,four,130,mpfi,3.47,2.68,9.0,111,5000.0,21,8.703703703703704,16500.0,11.19047619047619,0,1,Low,1,0
2,1,122,alfa-romero,two,hatchback,rwd,front,94.5,171.2,65.5,0.25180201826045173,2823,ohcv,six,152,mpfi,2.68,3.47,9.0,154,5000.0,19,9.038461538461538,16500.0,12.368421052631579,0,1,Medium,1,0
3,2,164,audi,four,sedan,fwd,front,99.8,176.6,66.2,0.260932244113407,2337,ohc,four,109,mpfi,3.19,3.4,10.0,102,5500.0,24,7.833333333333333,13950.0,9.791666666666666,0,1,Low,1,0
4,2,164,audi,four,sedan,4wd,front,99.4,176.6,66.4,0.260932244113407,2824,ohc,five,136,mpfi,3.19,3.4,8.0,115,5500.0,18,10.681818181818182,17450.0,13.055555555555555,0,1,Low,1,0
5,2,122,audi,two,sedan,fwd,front,99.8,177.3,66.3,0.25516578567996157,2507,ohc,five,136,mpfi,3.19,3.4,8.5,110,5500.0,19,9.4,15250.0,12.368421052631579,0,1,Low,1,0
6,1,158,audi,four,sedan,fwd,front,105.8,192.7,71.4,0.26765977895242676,2844,ohc,five,136,mpfi,3.19,3.4,8.5,110,5500.0,19,9.4,17710.0,12.368421052631579,0,1,Low,1,0
7,1,122,audi,four,wagon,fwd,front,105.8,192.7,71.4,0.26765977895242676,2954,ohc,five,136,mpfi,3.19,3.4,8.5,110,5500.0,19,9.4,18920.0,12.368421052631579,0,1,Low,1,0
8,1,158,audi,four,sedan,fwd,front,105.8,192.7,71.4,0.26862085535800095,3086,ohc,five,131,mpfi,3.13,3.4,8.3,140,5500.0,17,11.75,23875.0,13.823529411764707,0,1,Medium,0,1
9,2,192,bmw,two,sedan,rwd,front,101.2,176.8,64.8,0.260932244113407,2395,ohc,four,108,mpfi,3.5,2.8,8.8,101,5800.0,23,8.10344827586207,16430.0,10.217391304347826,0,1,Low,1,0
10,0,192,bmw,four,sedan,rwd,front,101.2,176.8,64.8,0.260932244113407,2395,ohc,four,108,mpfi,3.5,2.8,8.8,101,5800.0,23,8.10344827586207,16925.0,10.217391304347826,0,1,Low,1,0
11,0,188,bmw,two,sedan,rwd,front,101.2,176.8,64.8,0.260932244113407,2710,ohc,six,164,mpfi,3.31,3.19,9.0,121,4250.0,21,8.392857142857142,20970.0,11.19047619047619,0,1,Medium,1,0
12,0,188,bmw,four,sedan,rwd,front,101.2,176.8,64.8,0.260932244113407,2765,ohc,six,164,mpfi,3.31,3.19,9.0,121,4250.0,21,8.392857142857142,21105.0,11.19047619047619,0,1,Medium,1,0
13,1,122,bmw,four,sedan,rwd,front,103.5,189.0,66.9,0.26765977895242676,3055,ohc,six,164,mpfi,3.31,3.19,9.0,121,4250.0,20,9.4,24565.0,11.75,0,1,Medium,1,0
14,0,122,bmw,four,sedan,rwd,front,103.5,189.0,66.9,0.26765977895242676,3230,ohc,six,209,mpfi,3.62,3.39,8.0,182,5400.0,16,10.681818181818182,30760.0,14.6875,0,1,Medium,1,0
15,0,122,bmw,two,sedan,rwd,front,103.5,193.8,67.9,0.2580490148966843,3380,ohc,six,209,mpfi,3.62,3.39,8.0,182,5400.0,16,10.681818181818182,41315.0,14.6875,0,1,Medium,1,0
16,0,122,bmw,four,sedan,rwd,front,110.0,197.0,70.9,0.27054300816914945,3505,ohc,six,209,mpfi,3.62,3.39,8.0,182,5400.0,15,11.75,36880.0,15.666666666666666,0,1,Medium,1,0
17,2,121,chevrolet,two,hatchback,fwd,front,88.4,141.1,60.3,0.2556463238827487,1488,l,three,61,2bbl,2.91,3.03,9.5,48,5100.0,47,4.433962264150943,5151.0,5.0,0,1,Low,1,0
18,1,98,chevrolet,two,hatchback,fwd,front,94.5,155.9,63.6,0.24987986544930324,1874,ohc,four,90,2bbl,3.03,3.11,9.6,70,5400.0,38,5.465116279069767,6295.0,6.184210526315789,0,1,Low,1,0
19,0,81,chevrolet,four,sedan,fwd,front,94.5,158.8,63.6,0.24987986544930324,1909,ohc,four,90,2bbl,3.03,3.11,9.6,70,5400.0,38,5.465116279069767,6575.0,6.184210526315789,0,1,Low,1,0
20,1,118,dodge,two,hatchback,fwd,front,93.7,157.3,63.8,0.24411340701585776,1876,ohc,four,90,2bbl,2.97,3.23,9.41,68,5500.0,37,5.7317073170731705,5572.0,6.351351351351352,0,1,Low,1,0
21,1,118,dodge,two,hatchback,fwd,front,93.7,157.3,63.8,0.24411340701585776,1876,ohc,four,90,2bbl,2.97,3.23,9.4,68,5500.0,31,6.184210526315789,6377.0,7.580645161290323,0,1,Low,1,0
22,1,118,dodge,two,hatchback,fwd,front,93.7,157.3,63.8,0.24411340701585776,2128,ohc,four,98,mpfi,3.03,3.39,7.6,102,5500.0,24,7.833333333333333,7957.0,9.791666666666666,0,1,Low,0,1
23,1,148,dodge,four,hatchback,fwd,front,93.7,157.3,63.8,0.24315233061028352,1967,ohc,four,90,2bbl,2.97,3.23,9.4,68,5500.0,31,6.184210526315789,6229.0,7.580645161290323,0,1,Low,1,0
24,1,148,dodge,four,sedan,fwd,front,93.7,157.3,63.8,0.24315233061028352,1989,ohc,four,90,2bbl,2.97,3.23,9.4,68,5500.0,31,6.184210526315789,6692.0,7.580645161290323,0,1,Low,1,0
25,1,148,dodge,four,sedan,fwd,front,93.7,157.3,63.8,0.24315233061028352,1989,ohc,four,90,2bbl,2.97,3.23,9.4,68,5500.0,31,6.184210526315789,7609.0,7.580645161290323,0,1,Low,1,0
26,1,148,dodge,four,sedan,fwd,front,93.7,157.3,63.8,0.24315233061028352,2191,ohc,four,98,mpfi,3.03,3.39,7.6,102,5500.0,24,7.833333333333333,8558.0,9.791666666666666,0,1,Low,0,1
27,-1,110,dodge,four,wagon,fwd,front,103.3,174.6,64.6,0.2873618452666987,2535,ohc,four,122,2bbl,3.34,3.46,8.5,88,5000.0,24,7.833333333333333,8921.0,9.791666666666666,0,1,Low,1,0
28,3,145,dodge,two,hatchback,fwd,front,95.9,173.2,66.3,0.24123017779913505,2811,ohc,four,156,mfi,3.6,3.9,7.0,145,5000.0,19,9.791666666666666,12964.0,12.368421052631579,0,1,Medium,0,1
29,2,137,honda,two,hatchback,fwd,front,86.6,144.6,63.9,0.24411340701585776,1713,ohc,four,92,1bbl,2.91,3.41,9.6,58,4800.0,49,4.351851851851852,6479.0,4.795918367346939,0,1,Low,1,0
30,2,137,honda,two,hatchback,fwd,front,86.6,144.6,63.9,0.24411340701585776,1819,ohc,four,92,1bbl,2.91,3.41,9.2,76,6000.0,31,6.184210526315789,6855.0,7.580645161290323,0,1,Low,1,0
31,1,101,honda,two,hatchback,fwd,front,93.7,150.0,64.0,0.252763094666026,1837,ohc,four,79,1bbl,2.91,3.07,10.1,60,5500.0,38,5.595238095238095,5399.0,6.184210526315789,0,1,Low,1,0
32,1,101,honda,two,hatchback,fwd,front,93.7,150.0,64.0,0.252763094666026,1940,ohc,four,92,1bbl,2.91,3.41,9.2,76,6000.0,30,6.911764705882353,6529.0,7.833333333333333,0,1,Low,1,0
33,1,101,honda,two,hatchback,fwd,front,93.7,150.0,64.0,0.252763094666026,1956,ohc,four,92,1bbl,2.91,3.41,9.2,76,6000.0,30,6.911764705882353,7129.0,7.833333333333333,0,1,Low,1,0
34,0,110,honda,four,sedan,fwd,front,96.5,163.4,64.0,0.2618933205189813,2010,ohc,four,92,1bbl,2.91,3.41,9.2,76,6000.0,30,6.911764705882353,7295.0,7.833333333333333,0,1,Low,1,0
35,0,78,honda,four,wagon,fwd,front,96.5,157.1,63.9,0.28015377222489185,2024,ohc,four,92,1bbl,2.92,3.41,9.2,76,6000.0,30,6.911764705882353,7295.0,7.833333333333333,0,1,Low,1,0
36,0,106,honda,two,hatchback,fwd,front,96.5,167.5,65.2,0.2561268620855358,2236,ohc,four,110,1bbl,3.15,3.58,9.0,86,5800.0,27,7.121212121212121,7895.0,8.703703703703704,0,1,Low,1,0
37,0,106,honda,two,hatchback,fwd,front,96.5,167.5,65.2,0.2561268620855358,2289,ohc,four,110,1bbl,3.15,3.58,9.0,86,5800.0,27,7.121212121212121,9095.0,8.703703703703704,0,1,Low,1,0
38,0,85,honda,four,sedan,fwd,front,96.5,175.4,65.2,0.2599711677078328,2304,ohc,four,110,1bbl,3.15,3.58,9.0,86,5800.0,27,7.121212121212121,8845.0,8.703703703703704,0,1,Low,1,0
39,0,85,honda,four,sedan,fwd,front,96.5,175.4,62.5,0.2599711677078328,2372,ohc,four,110,1bbl,3.15,3.58,9.0,86,5800.0,27,7.121212121212121,10295.0,8.703703703703704,0,1,Low,1,0
40,0,85,honda,four,sedan,fwd,front,96.5,175.4,65.2,0.2599711677078328,2465,ohc,four,110,mpfi,3.15,3.58,9.0,101,5800.0,24,8.392857142857142,12945.0,9.791666666666666,0,1,Low,1,0
41,1,107,honda,two,sedan,fwd,front,96.5,169.1,66.0,0.245074483421432,2293,ohc,four,110,2bbl,3.15,3.58,9.1,100,5500.0,25,7.580645161290323,10345.0,9.4,0,1,Low,1,0
42,0,122,isuzu,four,sedan,rwd,front,94.3,170.7,61.8,0.25708793849111006,2337,ohc,four,111,2bbl,3.31,3.23,8.5,78,4800.0,24,8.10344827586207,6785.0,9.791666666666666,0,1,Low,1,0
43,2,122,isuzu,two,hatchback,rwd,front,96.0,172.6,65.2,0.2469966362325805,2734,ohc,four,119,spfi,3.43,3.23,9.2,90,5000.0,24,8.10344827586207,11048.0,9.791666666666666,0,1,Low,1,0
44,0,145,jaguar,four,sedan,rwd,front,113.0,199.6,69.6,0.25372417107160017,4066,dohc,six,258,mpfi,3.63,4.17,8.1,176,4750.0,15,12.368421052631579,32250.0,15.666666666666666,0,1,Medium,1,0
45,0,122,jaguar,four,sedan,rwd,front,113.0,199.6,69.6,0.25372417107160017,4066,dohc,six,258,mpfi,3.63,4.17,8.1,176,4750.0,15,12.368421052631579,35550.0,15.666666666666666,0,1,Medium,1,0
46,0,122,jaguar,two,sedan,rwd,front,102.0,191.7,70.6,0.2296972609322441,3950,ohcv,twelve,326,mpfi,3.54,2.76,11.5,262,5000.0,13,13.823529411764707,36000.0,18.076923076923077,0,1,High,1,0
47,1,104,mazda,two,hatchback,fwd,front,93.1,159.1,64.2,0.2599711677078328,1890,ohc,four,91,2bbl,3.03,3.15,9.0,68,5000.0,30,7.580645161290323,5195.0,7.833333333333333,0,1,Low,1,0
48,1,104,mazda,two,hatchback,fwd,front,93.1,159.1,64.2,0.2599711677078328,1900,ohc,four,91,2bbl,3.03,3.15,9.0,68,5000.0,31,6.184210526315789,6095.0,7.580645161290323,0,1,Low,1,0
49,1,104,mazda,two,hatchback,fwd,front,93.1,159.1,64.2,0.2599711677078328,1905,ohc,four,91,2bbl,3.03,3.15,9.0,68,5000.0,31,6.184210526315789,6795.0,7.580645161290323,0,1,Low,1,0
50,1,113,mazda,four,sedan,fwd,front,93.1,166.8,64.2,0.2599711677078328,1945,ohc,four,91,2bbl,3.03,3.15,9.0,68,5000.0,31,6.184210526315789,6695.0,7.580645161290323,0,1,Low,1,0
51,1,113,mazda,four,sedan,fwd,front,93.1,166.8,64.2,0.2599711677078328,1950,ohc,four,91,2bbl,3.08,3.15,9.0,68,5000.0,31,6.184210526315789,7395.0,7.580645161290323,0,1,Low,1,0
52,3,150,mazda,two,hatchback,rwd,front,95.3,169.0,65.7,0.23834694858241232,2380,rotor,two,70,4bbl,3.3297512437810943,3.255422885572139,9.4,101,6000.0,17,10.217391304347826,10945.0,13.823529411764707,0,1,Low,1,0
53,3,150,mazda,two,hatchback,rwd,front,95.3,169.0,65.7,0.23834694858241232,2380,rotor,two,70,4bbl,3.3297512437810943,3.255422885572139,9.4,101,6000.0,17,10.217391304347826,11845.0,13.823529411764707,0,1,Low,1,0
54,3,150,mazda,two,hatchback,rwd,front,95.3,169.0,65.7,0.23834694858241232,2385,rotor,two,70,4bbl,3.3297512437810943,3.255422885572139,9.4,101,6000.0,17,10.217391304347826,13645.0,13.823529411764707,0,1,Low,1,0
55,3,150,mazda,two,hatchback,rwd,front,95.3,169.0,65.7,0.23834694858241232,2500,rotor,two,80,mpfi,3.3297512437810943,3.255422885572139,9.4,135,6000.0,16,10.217391304347826,15645.0,14.6875,0,1,Medium,1,0
56,1,129,mazda,two,hatchback,fwd,front,98.8,177.8,66.5,0.2580490148966843,2385,ohc,four,122,2bbl,3.39,3.39,8.6,84,4800.0,26,7.34375,8845.0,9.038461538461538,0,1,Low,1,0
57,0,115,mazda,four,sedan,fwd,front,98.8,177.8,66.5,0.26669870254685246,2410,ohc,four,122,2bbl,3.39,3.39,8.6,84,4800.0,26,7.34375,8495.0,9.038461538461538,0,1,Low,1,0
58,1,129,mazda,two,hatchback,fwd,front,98.8,177.8,66.5,0.2580490148966843,2385,ohc,four,122,2bbl,3.39,3.39,8.6,84,4800.0,26,7.34375,10595.0,9.038461538461538,0,1,Low,1,0
59,0,115,mazda,four,sedan,fwd,front,98.8,177.8,66.5,0.26669870254685246,2410,ohc,four,122,2bbl,3.39,3.39,8.6,84,4800.0,26,7.34375,10245.0,9.038461538461538,0,1,Low,1,0
60,0,122,mazda,four,sedan,fwd,front,98.8,177.8,66.5,0.26669870254685246,2443,ohc,four,122,idi,3.39,3.39,22.7,64,4650.0,36,5.595238095238095,10795.0,6.527777777777778,1,0,Low,1,0
61,0,115,mazda,four,hatchback,fwd,front,98.8,177.8,66.5,0.26669870254685246,2425,ohc,four,122,2bbl,3.39,3.39,8.6,84,4800.0,26,7.34375,11245.0,9.038461538461538,0,1,Low,1,0
62,0,118,mazda,four,sedan,rwd,front,104.9,175.0,66.1,0.26141278231619414,2670,ohc,four,140,mpfi,3.76,3.16,8.0,120,5000.0,19,8.703703703703704,18280.0,12.368421052631579,0,1,Medium,1,0
63,0,122,mazda,four,sedan,rwd,front,104.9,175.0,66.1,0.26141278231619414,2700,ohc,four,134,idi,3.43,3.64,22.0,72,4200.0,31,6.0256410256410255,18344.0,7.580645161290323,1,0,Low,1,0
64,-1,93,mercedes-benz,four,sedan,rwd,front,110.0,190.9,70.3,0.2715040845747237,3515,ohc,five,183,idi,3.58,3.64,21.5,123,4350.0,22,9.4,25552.0,10.681818181818182,1,0,Medium,0,1
65,-1,93,mercedes-benz,four,wagon,rwd,front,110.0,190.9,70.3,0.2820759250360404,3750,ohc,five,183,idi,3.58,3.64,21.5,123,4350.0,22,9.4,28248.0,10.681818181818182,1,0,Medium,0,1
66,0,93,mercedes-benz,two,hardtop,rwd,front,106.7,187.5,70.3,0.2638154733301297,3495,ohc,five,183,idi,3.58,3.64,21.5,123,4350.0,22,9.4,28176.0,10.681818181818182,1,0,Medium,0,1
67,-1,93,mercedes-benz,four,sedan,rwd,front,115.6,202.6,71.7,0.27054300816914945,3770,ohc,five,183,idi,3.58,3.64,21.5,123,4350.0,22,9.4,31600.0,10.681818181818182,1,0,Medium,0,1
68,-1,122,mercedes-benz,four,sedan,rwd,front,115.6,202.6,71.7,0.2715040845747237,3740,ohcv,eight,234,mpfi,3.46,3.1,8.3,155,4750.0,16,13.055555555555555,34184.0,14.6875,0,1,Medium,1,0
69,3,142,mercedes-benz,two,convertible,rwd,front,96.6,180.3,70.5,0.24411340701585776,3685,ohcv,eight,234,mpfi,3.46,3.1,8.3,155,4750.0,16,13.055555555555555,35056.0,14.6875,0,1,Medium,1,0
70,0,122,mercedes-benz,four,sedan,rwd,front,120.9,208.1,71.7,0.27246516098029794,3900,ohcv,eight,308,mpfi,3.8,3.35,8.0,184,4500.0,14,14.6875,40960.0,16.785714285714285,0,1,Medium,1,0
71,1,122,mercedes-benz,two,hardtop,rwd,front,112.0,199.2,72.0,0.26621816434406537,3715,ohcv,eight,304,mpfi,3.8,3.35,8.0,184,4500.0,14,14.6875,45400.0,16.785714285714285,0,1,Medium,1,0
72,1,122,mercury,two,hatchback,rwd,front,102.7,178.4,68.0,0.26333493512734263,2910,ohc,four,140,mpfi,3.78,3.12,8.0,175,5000.0,19,9.791666666666666,16503.0,12.368421052631579,0,1,Medium,0,1
73,2,161,mitsubishi,two,hatchback,fwd,front,93.7,157.3,64.4,0.24411340701585776,1918,ohc,four,92,2bbl,2.97,3.23,9.4,68,5500.0,37,5.7317073170731705,5389.0,6.351351351351352,0,1,Low,1,0
74,2,161,mitsubishi,two,hatchback,fwd,front,93.7,157.3,64.4,0.24411340701585776,1944,ohc,four,92,2bbl,2.97,3.23,9.4,68,5500.0,31,6.184210526315789,6189.0,7.580645161290323,0,1,Low,1,0
75,2,161,mitsubishi,two,hatchback,fwd,front,93.7,157.3,64.4,0.24411340701585776,2004,ohc,four,92,2bbl,2.97,3.23,9.4,68,5500.0,31,6.184210526315789,6669.0,7.580645161290323,0,1,Low,1,0
76,1,161,mitsubishi,two,hatchback,fwd,front,93.0,157.3,63.8,0.24411340701585776,2145,ohc,four,98,spdi,3.03,3.39,7.6,102,5500.0,24,7.833333333333333,7689.0,9.791666666666666,0,1,Low,0,1
77,3,153,mitsubishi,two,hatchback,fwd,front,96.3,173.0,65.4,0.23738587217683807,2370,ohc,four,110,spdi,3.17,3.46,7.5,116,5500.0,23,7.833333333333333,9959.0,10.217391304347826,0,1,Low,0,1
78,3,153,mitsubishi,two,hatchback,fwd,front,96.3,173.0,65.4,0.23738587217683807,2328,ohc,four,122,2bbl,3.35,3.46,8.5,88,5000.0,25,7.34375,8499.0,9.4,0,1,Low,1,0
79,3,122,mitsubishi,two,hatchback,fwd,front,95.9,173.2,66.3,0.24123017779913505,2833,ohc,four,156,spdi,3.58,3.86,7.0,145,5000.0,19,9.791666666666666,12629.0,12.368421052631579,0,1,Medium,0,1
80,3,122,mitsubishi,two,hatchback,fwd,front,95.9,173.2,66.3,0.24123017779913505,2921,ohc,four,156,spdi,3.59,3.86,7.0,145,5000.0,19,9.791666666666666,14869.0,12.368421052631579,0,1,Medium,0,1
81,3,122,mitsubishi,two,hatchback,fwd,front,95.9,173.2,66.3,0.24123017779913505,2926,ohc,four,156,spdi,3.59,3.86,7.0,145,5000.0,19,9.791666666666666,14489.0,12.368421052631579,0,1,Medium,0,1
82,1,125,mitsubishi,four,sedan,fwd,front,96.3,172.4,65.4,0.24795771263815475,2365,ohc,four,122,2bbl,3.35,3.46,8.5,88,5000.0,25,7.34375,6989.0,9.4,0,1,Low,1,0
83,1,125,mitsubishi,four,sedan,fwd,front,96.3,172.4,65.4,0.24795771263815475,2405,ohc,four,122,2bbl,3.35,3.46,8.5,88,5000.0,25,7.34375,8189.0,9.4,0,1,Low,1,0
84,1,125,mitsubishi,four,sedan,fwd,front,96.3,172.4,65.4,0.24795771263815475,2403,ohc,four,110,spdi,3.17,3.46,7.5,116,5500.0,23,7.833333333333333,9279.0,10.217391304347826,0,1,Low,0,1
85,-1,137,mitsubishi,four,sedan,fwd,front,96.3,172.4,65.4,0.24795771263815475,2403,ohc,four,110,spdi,3.17,3.46,7.5,116,5500.0,23,7.833333333333333,9279.0,10.217391304347826,0,1,Low,1,0
86,1,128,nissan,two,sedan,fwd,front,94.5,165.3,63.8,0.2618933205189813,1889,ohc,four,97,2bbl,3.15,3.29,9.4,69,5200.0,31,6.351351351351352,5499.0,7.580645161290323,0,1,Low,1,0
87,1,128,nissan,two,sedan,fwd,front,94.5,165.3,63.8,0.2618933205189813,2017,ohc,four,103,idi,2.99,3.47,21.9,55,4800.0,45,4.7,7099.0,5.222222222222222,1,0,Low,1,0
88,1,128,nissan,two,sedan,fwd,front,94.5,165.3,63.8,0.2618933205189813,1918,ohc,four,97,2bbl,3.15,3.29,9.4,69,5200.0,31,6.351351351351352,6649.0,7.580645161290323,0,1,Low,1,0
89,1,122,nissan,four,sedan,fwd,front,94.5,165.3,63.8,0.2618933205189813,1938,ohc,four,97,2bbl,3.15,3.29,9.4,69,5200.0,31,6.351351351351352,6849.0,7.580645161290323,0,1,Low,1,0
90,1,103,nissan,four,wagon,fwd,front,94.5,170.2,63.8,0.25708793849111006,2024,ohc,four,97,2bbl,3.15,3.29,9.4,69,5200.0,31,6.351351351351352,7349.0,7.580645161290323,0,1,Low,1,0
91,1,128,nissan,two,sedan,fwd,front,94.5,165.3,63.8,0.2618933205189813,1951,ohc,four,97,2bbl,3.15,3.29,9.4,69,5200.0,31,6.351351351351352,7299.0,7.580645161290323,0,1,Low,1,0
92,1,128,nissan,two,hatchback,fwd,front,94.5,165.6,63.8,0.2561268620855358,2028,ohc,four,97,2bbl,3.15,3.29,9.4,69,5200.0,31,6.351351351351352,7799.0,7.580645161290323,0,1,Low,1,0
93,1,122,nissan,four,sedan,fwd,front,94.5,165.3,63.8,0.2618933205189813,1971,ohc,four,97,2bbl,3.15,3.29,9.4,69,5200.0,31,6.351351351351352,7499.0,7.580645161290323,0,1,Low,1,0
94,1,103,nissan,four,wagon,fwd,front,94.5,170.2,63.8,0.25708793849111006,2037,ohc,four,97,2bbl,3.15,3.29,9.4,69,5200.0,31,6.351351351351352,7999.0,7.580645161290323,0,1,Low,1,0
95,2,168,nissan,two,hardtop,fwd,front,95.1,162.4,63.8,0.2561268620855358,2008,ohc,four,97,2bbl,3.15,3.29,9.4,69,5200.0,31,6.351351351351352,8249.0,7.580645161290323,0,1,Low,1,0
96,0,106,nissan,four,hatchback,fwd,front,97.2,173.4,65.2,0.26285439692455553,2324,ohc,four,120,2bbl,3.33,3.47,8.5,97,5200.0,27,6.911764705882353,8949.0,8.703703703703704,0,1,Low,1,0
97,0,106,nissan,four,sedan,fwd,front,97.2,173.4,65.2,0.26285439692455553,2302,ohc,four,120,2bbl,3.33,3.47,8.5,97,5200.0,27,6.911764705882353,9549.0,8.703703703703704,0,1,Low,1,0
98,0,128,nissan,four,sedan,fwd,front,100.4,181.7,66.5,0.264776549735704,3095,ohcv,six,181,mpfi,3.43,3.27,9.0,152,5200.0,17,10.681818181818182,13499.0,13.823529411764707,0,1,Medium,1,0
99,0,108,nissan,four,wagon,fwd,front,100.4,184.6,66.5,0.2695819317635752,3296,ohcv,six,181,mpfi,3.43,3.27,9.0,152,5200.0,17,10.681818181818182,14399.0,13.823529411764707,0,1,Medium,1,0
100,0,108,nissan,four,sedan,fwd,front,100.4,184.6,66.5,0.264776549735704,3060,ohcv,six,181,mpfi,3.43,3.27,9.0,152,5200.0,19,9.4,13499.0,12.368421052631579,0,1,Medium,1,0
101,3,194,nissan,two,hatchback,rwd,front,91.3,170.7,67.9,0.23882748678519944,3071,ohcv,six,181,mpfi,3.43,3.27,9.0,160,5200.0,19,9.4,17199.0,12.368421052631579,0,1,Medium,1,0
102,3,194,nissan,two,hatchback,rwd,front,91.3,170.7,67.9,0.23882748678519944,3139,ohcv,six,181,mpfi,3.43,3.27,7.8,200,5200.0,17,10.217391304347826,19699.0,13.823529411764707,0,1,High,0,1
103,1,231,nissan,two,hatchback,rwd,front,99.2,178.5,67.9,0.23882748678519944,3139,ohcv,six,181,mpfi,3.43,3.27,9.0,160,5200.0,19,9.4,18399.0,12.368421052631579,0,1,Medium,1,0
104,0,161,peugot,four,sedan,rwd,front,107.9,186.7,68.4,0.27246516098029794,3020,l,four,120,mpfi,3.46,3.19,8.4,97,5000.0,19,9.791666666666666,11900.0,12.368421052631579,0,1,Low,1,0
105,0,161,peugot,four,sedan,rwd,front,107.9,186.7,68.4,0.27246516098029794,3197,l,four,152,idi,3.7,3.52,21.0,95,4150.0,28,7.121212121212121,13200.0,8.392857142857142,1,0,Low,0,1
106,0,122,peugot,four,wagon,rwd,front,114.2,198.9,68.4,0.2820759250360404,3230,l,four,120,mpfi,3.46,3.19,8.4,97,5000.0,19,9.791666666666666,12440.0,12.368421052631579,0,1,Low,1,0
107,0,122,peugot,four,wagon,rwd,front,114.2,198.9,68.4,0.2820759250360404,3430,l,four,152,idi,3.7,3.52,21.0,95,4150.0,25,9.4,13860.0,9.4,1,0,Low,0,1
108,0,161,peugot,four,sedan,rwd,front,107.9,186.7,68.4,0.27246516098029794,3075,l,four,120,mpfi,3.46,2.19,8.4,95,5000.0,19,9.791666666666666,15580.0,12.368421052631579,0,1,Low,1,0
109,0,161,peugot,four,sedan,rwd,front,107.9,186.7,68.4,0.27246516098029794,3252,l,four,152,idi,3.7,3.52,21.0,95,4150.0,28,7.121212121212121,16900.0,8.392857142857142,1,0,Low,0,1
110,0,122,peugot,four,wagon,rwd,front,114.2,198.9,68.4,0.27246516098029794,3285,l,four,120,mpfi,3.46,2.19,8.4,95,5000.0,19,9.791666666666666,16695.0,12.368421052631579,0,1,Low,1,0
111,0,122,peugot,four,wagon,rwd,front,114.2,198.9,68.4,0.2820759250360404,3485,l,four,152,idi,3.7,3.52,21.0,95,4150.0,25,9.4,17075.0,9.4,1,0,Low,0,1
112,0,161,peugot,four,sedan,rwd,front,107.9,186.7,68.4,0.27246516098029794,3075,l,four,120,mpfi,3.46,3.19,8.4,97,5000.0,19,9.791666666666666,16630.0,12.368421052631579,0,1,Low,1,0
113,0,161,peugot,four,sedan,rwd,front,107.9,186.7,68.4,0.27246516098029794,3252,l,four,152,idi,3.7,3.52,21.0,95,4150.0,28,7.121212121212121,17950.0,8.392857142857142,1,0,Low,0,1
114,0,161,peugot,four,sedan,rwd,front,108.0,186.7,68.3,0.2691013935607881,3130,l,four,134,mpfi,3.61,3.21,7.0,142,5600.0,18,9.791666666666666,18150.0,13.055555555555555,0,1,Medium,0,1
115,1,119,plymouth,two,hatchback,fwd,front,93.7,157.3,63.8,0.24411340701585776,1918,ohc,four,90,2bbl,2.97,3.23,9.4,68,5500.0,37,5.7317073170731705,5572.0,6.351351351351352,0,1,Low,1,0
116,1,119,plymouth,two,hatchback,fwd,front,93.7,157.3,63.8,0.24411340701585776,2128,ohc,four,98,spdi,3.03,3.39,7.6,102,5500.0,24,7.833333333333333,7957.0,9.791666666666666,0,1,Low,0,1
117,1,154,plymouth,four,hatchback,fwd,front,93.7,157.3,63.8,0.24315233061028352,1967,ohc,four,90,2bbl,2.97,3.23,9.4,68,5500.0,31,6.184210526315789,6229.0,7.580645161290323,0,1,Low,1,0
118,1,154,plymouth,four,sedan,fwd,front,93.7,167.3,63.8,0.24411340701585776,1989,ohc,four,90,2bbl,2.97,3.23,9.4,68,5500.0,31,6.184210526315789,6692.0,7.580645161290323,0,1,Low,1,0
119,1,154,plymouth,four,sedan,fwd,front,93.7,167.3,63.8,0.24411340701585776,2191,ohc,four,98,2bbl,2.97,3.23,9.4,68,5500.0,31,6.184210526315789,7609.0,7.580645161290323,0,1,Low,1,0
120,-1,74,plymouth,four,wagon,fwd,front,103.3,174.6,64.6,0.2873618452666987,2535,ohc,four,122,2bbl,3.35,3.46,8.5,88,5000.0,24,7.833333333333333,8921.0,9.791666666666666,0,1,Low,1,0
121,3,122,plymouth,two,hatchback,rwd,front,95.9,173.2,66.3,0.24123017779913505,2818,ohc,four,156,spdi,3.59,3.86,7.0,145,5000.0,19,9.791666666666666,12764.0,12.368421052631579,0,1,Medium,0,1
122,3,186,porsche,two,hatchback,rwd,front,94.5,168.9,68.3,0.24123017779913505,2778,ohc,four,151,mpfi,3.94,3.11,9.5,143,5500.0,19,8.703703703703704,22018.0,12.368421052631579,0,1,Medium,1,0
123,3,122,porsche,two,hardtop,rwd,rear,89.5,168.9,65.0,0.24795771263815475,2756,ohcf,six,194,mpfi,3.74,2.9,9.5,207,5900.0,17,9.4,32528.0,13.823529411764707,0,1,High,1,0
124,3,122,porsche,two,hardtop,rwd,rear,89.5,168.9,65.0,0.24795771263815475,2756,ohcf,six,194,mpfi,3.74,2.9,9.5,207,5900.0,17,9.4,34028.0,13.823529411764707,0,1,High,1,0
125,3,122,porsche,two,convertible,rwd,rear,89.5,168.9,65.0,0.24795771263815475,2800,ohcf,six,194,mpfi,3.74,2.9,9.5,207,5900.0,17,9.4,37028.0,13.823529411764707,0,1,High,1,0
126,0,122,renault,four,wagon,fwd,front,96.1,181.5,66.5,0.2652570879384911,2579,ohc,four,132,mpfi,3.46,3.9,8.7,104,5125.369458128079,23,7.580645161290323,9295.0,10.217391304347826,0,1,Low,1,0
127,2,122,renault,two,hatchback,fwd,front,96.1,176.8,66.6,0.2426717924074964,2460,ohc,four,132,mpfi,3.46,3.9,8.7,104,5125.369458128079,23,7.580645161290323,9895.0,10.217391304347826,0,1,Low,1,0
128,3,150,saab,two,hatchback,fwd,front,99.1,186.6,66.5,0.2695819317635752,2658,ohc,four,121,mpfi,3.54,3.07,9.31,110,5250.0,21,8.392857142857142,11850.0,11.19047619047619,0,1,Low,1,0
129,2,104,saab,four,sedan,fwd,front,99.1,186.6,66.5,0.2695819317635752,2695,ohc,four,121,mpfi,3.54,3.07,9.3,110,5250.0,21,8.392857142857142,12170.0,11.19047619047619,0,1,Low,1,0
130,3,150,saab,two,hatchback,fwd,front,99.1,186.6,66.5,0.2695819317635752,2707,ohc,four,121,mpfi,2.54,2.07,9.3,110,5250.0,21,8.392857142857142,15040.0,11.19047619047619,0,1,Low,1,0
131,2,104,saab,four,sedan,fwd,front,99.1,186.6,66.5,0.2695819317635752,2758,ohc,four,121,mpfi,3.54,3.07,9.3,110,5250.0,21,8.392857142857142,15510.0,11.19047619047619,0,1,Low,1,0
132,3,150,saab,two,hatchback,fwd,front,99.1,186.6,66.5,0.2695819317635752,2808,dohc,four,121,mpfi,3.54,3.07,9.0,160,5500.0,19,9.038461538461538,18150.0,12.368421052631579,0,1,Medium,0,1
133,2,104,saab,four,sedan,fwd,front,99.1,186.6,66.5,0.2695819317635752,2847,dohc,four,121,mpfi,3.54,3.07,9.0,160,5500.0,19,9.038461538461538,18620.0,12.368421052631579,0,1,Medium,0,1
134,2,83,subaru,two,hatchback,fwd,front,93.7,156.9,63.4,0.2580490148966843,2050,ohcf,four,97,2bbl,3.62,2.36,9.0,69,4900.0,31,6.527777777777778,5118.0,7.580645161290323,0,1,Low,1,0
135,2,83,subaru,two,hatchback,fwd,front,93.7,157.9,63.6,0.2580490148966843,2120,ohcf,four,108,2bbl,3.62,2.64,8.7,73,4400.0,26,7.580645161290323,7053.0,9.038461538461538,0,1,Low,1,0
136,2,83,subaru,two,hatchback,4wd,front,93.3,157.3,63.8,0.26765977895242676,2240,ohcf,four,108,2bbl,3.62,2.64,8.7,73,4400.0,26,7.580645161290323,7603.0,9.038461538461538,0,1,Low,1,0
137,0,102,subaru,four,sedan,fwd,front,97.2,172.0,65.4,0.2522825564632388,2145,ohcf,four,108,2bbl,3.62,2.64,9.5,82,4800.0,32,6.351351351351352,7126.0,7.34375,0,1,Low,1,0
138,0,102,subaru,four,sedan,fwd,front,97.2,172.0,65.4,0.2522825564632388,2190,ohcf,four,108,2bbl,3.62,2.64,9.5,82,4400.0,28,7.121212121212121,7775.0,8.392857142857142,0,1,Low,1,0
139,0,102,subaru,four,sedan,fwd,front,97.2,172.0,65.4,0.2522825564632388,2340,ohcf,four,108,mpfi,3.62,2.64,9.0,94,5200.0,26,7.34375,9960.0,9.038461538461538,0,1,Low,1,0
140,0,102,subaru,four,sedan,4wd,front,97.0,172.0,65.4,0.260932244113407,2385,ohcf,four,108,2bbl,3.62,2.64,9.0,82,4800.0,24,9.4,9233.0,9.791666666666666,0,1,Low,1,0
141,0,102,subaru,four,sedan,4wd,front,97.0,172.0,65.4,0.260932244113407,2510,ohcf,four,108,mpfi,3.62,2.64,7.7,111,4800.0,24,8.10344827586207,11259.0,9.791666666666666,0,1,Low,0,1
142,0,89,subaru,four,wagon,fwd,front,97.0,173.5,65.4,0.2546852474771744,2290,ohcf,four,108,2bbl,3.62,2.64,9.0,82,4800.0,28,7.34375,7463.0,8.392857142857142,0,1,Low,1,0
143,0,89,subaru,four,wagon,fwd,front,97.0,173.5,65.4,0.2546852474771744,2455,ohcf,four,108,mpfi,3.62,2.64,9.0,94,5200.0,25,7.580645161290323,10198.0,9.4,0,1,Low,1,0
144,0,85,subaru,four,wagon,4wd,front,96.9,173.6,65.4,0.2638154733301297,2420,ohcf,four,108,2bbl,3.62,2.64,9.0,82,4800.0,23,8.10344827586207,8013.0,10.217391304347826,0,1,Low,1,0
145,0,85,subaru,four,wagon,4wd,front,96.9,173.6,65.4,0.2638154733301297,2650,ohcf,four,108,mpfi,3.62,2.64,7.7,111,4800.0,23,10.217391304347826,11694.0,10.217391304347826,0,1,Low,0,1
146,1,87,toyota,two,hatchback,fwd,front,95.7,158.7,63.6,0.2618933205189813,1985,ohc,four,92,2bbl,3.05,3.03,9.0,62,4800.0,35,6.0256410256410255,5348.0,6.714285714285714,0,1,Low,1,0
147,1,87,toyota,two,hatchback,fwd,front,95.7,158.7,63.6,0.2618933205189813,2040,ohc,four,92,2bbl,3.05,3.03,9.0,62,4800.0,31,6.184210526315789,6338.0,7.580645161290323,0,1,Low,1,0
148,1,74,toyota,four,hatchback,fwd,front,95.7,158.7,63.6,0.2618933205189813,2015,ohc,four,92,2bbl,3.05,3.03,9.0,62,4800.0,31,6.184210526315789,6488.0,7.580645161290323,0,1,Low,1,0
149,0,77,toyota,four,wagon,fwd,front,95.7,169.7,63.6,0.2839980778471889,2280,ohc,four,92,2bbl,3.05,3.03,9.0,62,4800.0,31,6.351351351351352,6918.0,7.580645161290323,0,1,Low,1,0
150,0,81,toyota,four,wagon,4wd,front,95.7,169.7,63.6,0.2839980778471889,2290,ohc,four,92,2bbl,3.05,3.03,9.0,62,4800.0,27,7.34375,7898.0,8.703703703703704,0,1,Low,1,0
151,0,91,toyota,four,wagon,4wd,front,95.7,169.7,63.6,0.2839980778471889,3110,ohc,four,92,2bbl,3.05,3.03,9.0,62,4800.0,27,7.34375,8778.0,8.703703703703704,0,1,Low,1,0
152,0,91,toyota,four,sedan,fwd,front,95.7,166.3,64.4,0.2546852474771744,2081,ohc,four,98,2bbl,3.19,3.03,9.0,70,4800.0,30,6.351351351351352,6938.0,7.833333333333333,0,1,Low,1,0
153,0,91,toyota,four,hatchback,fwd,front,95.7,166.3,64.4,0.25372417107160017,2109,ohc,four,98,2bbl,3.19,3.03,9.0,70,4800.0,30,6.351351351351352,7198.0,7.833333333333333,0,1,Low,1,0
154,0,91,toyota,four,sedan,fwd,front,95.7,166.3,64.4,0.2546852474771744,2275,ohc,four,110,idi,3.27,3.35,22.5,56,4500.0,34,6.527777777777778,7898.0,6.911764705882353,1,0,Low,1,0
155,0,91,toyota,four,hatchback,fwd,front,95.7,166.3,64.4,0.25372417107160017,2275,ohc,four,110,idi,3.27,3.35,22.5,56,4500.0,38,5.0,7788.0,6.184210526315789,1,0,Low,1,0
156,0,91,toyota,four,sedan,fwd,front,95.7,166.3,64.4,0.2546852474771744,2094,ohc,four,98,2bbl,3.19,3.03,9.0,70,4800.0,38,5.0,7738.0,6.184210526315789,0,1,Low,1,0
157,0,91,toyota,four,hatchback,fwd,front,95.7,166.3,64.4,0.25372417107160017,2122,ohc,four,98,2bbl,3.19,3.03,9.0,70,4800.0,28,6.911764705882353,8358.0,8.392857142857142,0,1,Low,1,0
158,0,91,toyota,four,sedan,fwd,front,95.7,166.3,64.4,0.25372417107160017,2140,ohc,four,98,2bbl,3.19,3.03,9.0,70,4800.0,28,6.911764705882353,9258.0,8.392857142857142,0,1,Low,1,0
159,1,168,toyota,two,sedan,rwd,front,94.5,168.7,64.0,0.252763094666026,2169,ohc,four,98,2bbl,3.19,3.03,9.0,70,4800.0,29,6.911764705882353,8058.0,8.10344827586207,0,1,Low,1,0
160,1,168,toyota,two,hatchback,rwd,front,94.5,168.7,64.0,0.252763094666026,2204,ohc,four,98,2bbl,3.19,3.03,9.0,70,4800.0,29,6.911764705882353,8238.0,8.10344827586207,0,1,Low,1,0
161,1,168,toyota,two,sedan,rwd,front,94.5,168.7,64.0,0.252763094666026,2265,dohc,four,98,mpfi,3.24,3.08,9.4,112,6600.0,26,8.10344827586207,9298.0,9.038461538461538,0,1,Low,1,0
162,1,168,toyota,two,hatchback,rwd,front,94.5,168.7,64.0,0.252763094666026,2300,dohc,four,98,mpfi,3.24,3.08,9.4,112,6600.0,26,8.10344827586207,9538.0,9.038461538461538,0,1,Low,1,0
163,2,134,toyota,two,hardtop,rwd,front,98.4,176.2,65.6,0.24987986544930324,2540,ohc,four,146,mpfi,3.62,3.5,9.3,116,4800.0,24,7.833333333333333,8449.0,9.791666666666666,0,1,Low,1,0
164,2,134,toyota,two,hardtop,rwd,front,98.4,176.2,65.6,0.24987986544930324,2536,ohc,four,146,mpfi,3.62,3.5,9.3,116,4800.0,24,7.833333333333333,9639.0,9.791666666666666,0,1,Low,1,0
165,2,134,toyota,two,hatchback,rwd,front,98.4,176.2,65.6,0.24987986544930324,2551,ohc,four,146,mpfi,3.62,3.5,9.3,116,4800.0,24,7.833333333333333,9989.0,9.791666666666666,0,1,Low,1,0
166,2,134,toyota,two,hardtop,rwd,front,98.4,176.2,65.6,0.24987986544930324,2679,ohc,four,146,mpfi,3.62,3.5,9.3,116,4800.0,24,7.833333333333333,11199.0,9.791666666666666,0,1,Low,1,0
167,2,134,toyota,two,hatchback,rwd,front,98.4,176.2,65.6,0.24987986544930324,2714,ohc,four,146,mpfi,3.62,3.5,9.3,116,4800.0,24,7.833333333333333,11549.0,9.791666666666666,0,1,Low,1,0
168,2,134,toyota,two,convertible,rwd,front,98.4,176.2,65.6,0.2546852474771744,2975,ohc,four,146,mpfi,3.62,3.5,9.3,116,4800.0,24,7.833333333333333,17669.0,9.791666666666666,0,1,Low,1,0
169,-1,65,toyota,four,sedan,fwd,front,102.4,175.6,66.5,0.2638154733301297,2326,ohc,four,122,mpfi,3.31,3.54,8.7,92,4200.0,29,6.911764705882353,8948.0,8.10344827586207,0,1,Low,1,0
170,-1,65,toyota,four,sedan,fwd,front,102.4,175.6,66.5,0.2638154733301297,2480,ohc,four,110,idi,3.27,3.35,22.5,73,4500.0,30,7.121212121212121,10698.0,7.833333333333333,1,0,Low,0,1
171,-1,65,toyota,four,hatchback,fwd,front,102.4,175.6,66.5,0.25901009130225855,2414,ohc,four,122,mpfi,3.31,3.54,8.7,92,4200.0,27,7.34375,9988.0,8.703703703703704,0,1,Low,1,0
172,-1,65,toyota,four,sedan,fwd,front,102.4,175.6,66.5,0.2638154733301297,2414,ohc,four,122,mpfi,3.31,3.54,8.7,92,4200.0,27,7.34375,10898.0,8.703703703703704,0,1,Low,1,0
173,-1,65,toyota,four,hatchback,fwd,front,102.4,175.6,66.5,0.25901009130225855,2458,ohc,four,122,mpfi,3.31,3.54,8.7,92,4200.0,27,7.34375,11248.0,8.703703703703704,0,1,Low,1,0
174,3,197,toyota,two,hatchback,rwd,front,102.9,183.5,67.7,0.24987986544930324,2976,dohc,six,171,mpfi,3.27,3.35,9.3,161,5200.0,20,9.791666666666666,16558.0,11.75,0,1,Medium,1,0
175,3,197,toyota,two,hatchback,rwd,front,102.9,183.5,67.7,0.24987986544930324,3016,dohc,six,171,mpfi,3.27,3.35,9.3,161,5200.0,19,9.791666666666666,15998.0,12.368421052631579,0,1,Medium,1,0
176,-1,90,toyota,four,sedan,rwd,front,104.5,187.8,66.5,0.2599711677078328,3131,dohc,six,171,mpfi,3.27,3.35,9.2,156,5200.0,20,9.791666666666666,15690.0,11.75,0,1,Medium,1,0
177,-1,122,toyota,four,wagon,rwd,front,104.5,187.8,66.5,0.2599711677078328,3151,dohc,six,161,mpfi,3.27,3.35,9.2,156,5200.0,19,9.791666666666666,15750.0,12.368421052631579,0,1,Medium,1,0
178,2,122,volkswagen,two,sedan,fwd,front,97.3,171.7,65.5,0.26765977895242676,2261,ohc,four,97,idi,3.01,3.4,23.0,52,4800.0,37,5.108695652173913,7775.0,6.351351351351352,1,0,Low,1,0
179,2,122,volkswagen,two,sedan,fwd,front,97.3,171.7,65.5,0.26765977895242676,2209,ohc,four,109,mpfi,3.19,3.4,9.0,85,5250.0,27,6.911764705882353,7975.0,8.703703703703704,0,1,Low,1,0
180,2,94,volkswagen,four,sedan,fwd,front,97.3,171.7,65.5,0.26765977895242676,2264,ohc,four,97,idi,3.01,3.4,23.0,52,4800.0,37,5.108695652173913,7995.0,6.351351351351352,1,0,Low,1,0
181,2,94,volkswagen,four,sedan,fwd,front,97.3,171.7,65.5,0.26765977895242676,2212,ohc,four,109,mpfi,3.19,3.4,9.0,85,5250.0,27,6.911764705882353,8195.0,8.703703703703704,0,1,Low,1,0
182,2,94,volkswagen,four,sedan,fwd,front,97.3,171.7,65.5,0.26765977895242676,2275,ohc,four,109,mpfi,3.19,3.4,9.0,85,5250.0,27,6.911764705882353,8495.0,8.703703703703704,0,1,Low,1,0
183,2,94,volkswagen,four,sedan,fwd,front,97.3,171.7,65.5,0.26765977895242676,2319,ohc,four,97,idi,3.01,3.4,23.0,68,4500.0,37,5.595238095238095,9495.0,6.351351351351352,1,0,Low,0,1
184,2,94,volkswagen,four,sedan,fwd,front,97.3,171.7,65.5,0.26765977895242676,2300,ohc,four,109,mpfi,3.19,3.4,10.0,100,5500.0,26,7.34375,9995.0,9.038461538461538,0,1,Low,1,0
185,3,122,volkswagen,two,convertible,fwd,front,94.5,159.3,64.2,0.2671792407496396,2254,ohc,four,109,mpfi,3.19,3.4,8.5,90,5500.0,24,8.10344827586207,11595.0,9.791666666666666,0,1,Low,1,0
186,3,256,volkswagen,two,hatchback,fwd,front,94.5,165.7,64.0,0.2469966362325805,2221,ohc,four,109,mpfi,3.19,3.4,8.5,90,5500.0,24,8.10344827586207,9980.0,9.791666666666666,0,1,Low,1,0
187,0,122,volkswagen,four,sedan,fwd,front,100.4,180.2,66.9,0.264776549735704,2661,ohc,five,136,mpfi,3.19,3.4,8.5,110,5500.0,19,9.791666666666666,13295.0,12.368421052631579,0,1,Low,1,0
188,0,122,volkswagen,four,sedan,fwd,front,100.4,180.2,66.9,0.264776549735704,2579,ohc,four,97,idi,3.01,3.4,23.0,68,4500.0,33,6.184210526315789,13845.0,7.121212121212121,1,0,Low,0,1
189,0,122,volkswagen,four,wagon,fwd,front,100.4,183.1,66.9,0.264776549735704,2563,ohc,four,109,mpfi,3.19,3.4,9.0,88,5500.0,25,7.580645161290323,12290.0,9.4,0,1,Low,1,0
190,-2,103,volvo,four,sedan,rwd,front,104.3,188.8,67.2,0.27006246996636235,2912,ohc,four,141,mpfi,3.78,3.15,9.5,114,5400.0,23,8.392857142857142,12940.0,10.217391304347826,0,1,Low,1,0
191,-1,74,volvo,four,wagon,rwd,front,104.3,188.8,67.2,0.2763094666025949,3034,ohc,four,141,mpfi,3.78,3.15,9.5,114,5400.0,23,8.392857142857142,13415.0,10.217391304347826,0,1,Low,1,0
192,-2,103,volvo,four,sedan,rwd,front,104.3,188.8,67.2,0.27006246996636235,2935,ohc,four,141,mpfi,3.78,3.15,9.5,114,5400.0,24,8.392857142857142,15985.0,9.791666666666666,0,1,Low,1,0
193,-1,74,volvo,four,wagon,rwd,front,104.3,188.8,67.2,0.2763094666025949,3042,ohc,four,141,mpfi,3.78,3.15,9.5,114,5400.0,24,8.392857142857142,16515.0,9.791666666666666,0,1,Low,1,0
194,-2,103,volvo,four,sedan,rwd,front,104.3,188.8,67.2,0.27006246996636235,3045,ohc,four,130,mpfi,3.62,3.15,7.5,162,5100.0,17,10.681818181818182,18420.0,13.823529411764707,0,1,Medium,0,1
195,-1,74,volvo,four,wagon,rwd,front,104.3,188.8,67.2,0.2763094666025949,3157,ohc,four,130,mpfi,3.62,3.15,7.5,162,5100.0,17,10.681818181818182,18950.0,13.823529411764707,0,1,Medium,0,1
196,-1,95,volvo,four,sedan,rwd,front,109.1,188.8,68.9,0.26669870254685246,2952,ohc,four,141,mpfi,3.78,3.15,9.5,114,5400.0,23,8.392857142857142,16845.0,10.217391304347826,0,1,Low,1,0
197,-1,95,volvo,four,sedan,rwd,front,109.1,188.8,68.8,0.26669870254685246,3049,ohc,four,141,mpfi,3.78,3.15,8.7,160,5300.0,19,9.4,19045.0,12.368421052631579,0,1,Medium,0,1
198,-1,95,volvo,four,sedan,rwd,front,109.1,188.8,68.9,0.26669870254685246,3012,ohcv,six,173,mpfi,3.58,2.87,8.8,134,5500.0,18,10.217391304347826,21485.0,13.055555555555555,0,1,Medium,1,0
199,-1,95,volvo,four,sedan,rwd,front,109.1,188.8,68.9,0.26669870254685246,3217,ohc,six,145,idi,3.01,3.4,23.0,106,4800.0,26,8.703703703703704,22470.0,9.038461538461538,1,0,Low,0,1
200,-1,95,volvo,four,sedan,rwd,front,109.1,188.8,68.9,0.26669870254685246,3062,ohc,four,141,mpfi,3.78,3.15,9.5,114,5400.0,19,9.4,22625.0,12.368421052631579,0,1,Low,0,1
